"Timestamp","Receiver","CodeSpace","Signal","Sensor.Value","Sensor.Unit"
2018-04-16 01:09:42,132915,"R64K",4529,0.55,"Temp"
2018-04-16 01:10:49,132915,"R64K",4529,0.55,"Temp"
2018-04-16 01:11:19,132915,"R64K",4529,0.56,"Temp"
2018-04-16 01:12:01,132915,"R64K",4529,0.56,"Temp"
2018-04-16 01:12:39,132915,"R64K",4529,0.56,"Temp"
2018-04-16 01:13:12,132915,"R64K",4529,0.56,"Temp"
2018-04-16 01:13:42,132915,"R64K",4529,0.56,"Temp"
2018-04-16 01:15:16,132915,"R64K",4529,0.57,"Temp"
2018-04-17 21:58:57,132915,"R64K",4477,0.78,"Temp"
2018-04-17 22:01:35,132915,"R64K",4477,0.78,"Temp"
2018-04-17 22:02:48,132915,"R64K",4477,0.78,"Temp"
2018-04-17 22:03:37,132915,"R64K",4477,0.79,"Temp"
2018-04-17 22:04:19,132915,"R64K",4477,0.79,"Temp"
2018-04-17 22:05:02,132915,"R64K",4477,0.79,"Temp"
2018-04-17 22:05:27,132915,"R64K",4477,0.79,"Temp"
2018-04-17 22:05:52,132915,"R64K",4477,0.79,"Temp"
2018-04-17 22:06:25,132915,"R64K",4477,0.8,"Temp"
2018-04-17 22:06:56,132915,"R64K",4477,0.8,"Temp"
2018-04-17 22:07:41,132915,"R64K",4477,0.8,"Temp"
2018-04-17 22:09:16,132915,"R64K",4477,0.8,"Temp"
2018-04-17 22:10:00,132915,"R64K",4477,0.8,"Temp"
2018-04-18 21:40:01,132915,"R64K",4456,3.71,"Temp"
2018-04-18 21:40:44,132915,"R64K",4456,3.71,"Temp"
2018-04-18 21:41:24,132915,"R64K",4456,3.71,"Temp"
2018-04-18 21:42:08,132915,"R64K",4456,3.72,"Temp"
2018-04-18 21:42:31,132915,"R64K",4456,3.72,"Temp"
2018-04-18 21:42:51,132915,"R64K",4456,3.72,"Temp"
2018-04-18 21:43:27,132915,"R64K",4456,3.72,"Temp"
2018-04-18 21:44:26,132915,"R64K",4456,3.72,"Temp"
2018-04-18 21:45:12,132915,"R64K",4456,3.73,"Temp"
2018-04-18 21:45:40,132915,"R64K",4456,3.73,"Temp"
2018-04-18 21:46:36,132915,"R64K",4456,3.73,"Temp"
2018-04-18 21:48:11,132915,"R64K",4456,3.73,"Temp"
2018-04-18 21:49:32,132915,"R64K",4456,3.73,"Temp"
2018-04-18 21:50:10,132915,"R64K",4456,3.74,"Temp"
2018-04-18 21:50:55,132915,"R64K",4456,3.74,"Temp"
2018-04-18 21:52:45,132915,"R64K",4456,3.74,"Temp"
2018-04-19 00:10:22,132915,"R64K",4526,3.89,"Temp"
2018-04-19 00:11:18,132915,"R64K",4526,3.89,"Temp"
2018-04-19 00:12:55,132915,"R64K",4526,3.89,"Temp"
2018-04-19 00:13:53,132915,"R64K",4526,3.9,"Temp"
2018-04-19 00:14:35,132915,"R64K",4526,3.9,"Temp"
2018-04-19 00:15:31,132915,"R64K",4526,3.9,"Temp"
2018-04-19 00:16:15,132915,"R64K",4526,3.9,"Temp"
2018-04-19 00:16:36,132915,"R64K",4526,3.9,"Temp"
2018-04-19 00:17:11,132915,"R64K",4526,3.91,"Temp"
2018-04-19 00:17:36,132915,"R64K",4526,3.91,"Temp"
2018-04-19 00:18:31,132915,"R64K",4526,3.91,"Temp"
2018-04-19 00:19:06,132915,"R64K",4526,3.91,"Temp"
2018-04-19 00:19:36,132915,"R64K",4526,3.91,"Temp"
2018-04-19 00:21:49,132915,"R64K",4526,3.92,"Temp"
2018-04-19 00:22:45,132915,"R64K",4526,3.92,"Temp"
2018-04-19 00:24:41,132915,"R64K",4526,3.92,"Temp"
2018-04-19 00:34:13,132915,"R64K",4526,3.92,"Temp"
2018-04-19 02:46:50,132915,"R64K",4508,4.01,"Temp"
2018-04-19 02:47:09,132915,"R64K",4515,4.02,"Temp"
2018-04-19 02:47:18,132915,"R64K",4508,4.02,"Temp"
2018-04-19 02:47:45,132915,"R64K",4515,4.02,"Temp"
2018-04-19 02:48:03,132915,"R64K",4508,4.02,"Temp"
2018-04-19 02:48:15,132915,"R64K",4515,4.02,"Temp"
2018-04-19 02:48:50,132915,"R64K",4508,4.03,"Temp"
2018-04-19 02:49:15,132915,"R64K",4515,4.03,"Temp"
2018-04-19 02:49:40,132915,"R64K",4508,4.03,"Temp"
2018-04-19 02:49:52,132915,"R64K",4515,4.03,"Temp"
2018-04-19 02:50:16,132915,"R64K",4508,4.03,"Temp"
2018-04-19 02:52:06,132915,"R64K",4508,4.04,"Temp"
2018-04-19 02:52:42,132915,"R64K",4508,4.04,"Temp"
2018-04-19 02:53:35,132915,"R64K",4508,4.04,"Temp"
2018-04-19 02:54:09,132915,"R64K",4515,4.05,"Temp"
2018-04-19 02:54:34,132915,"R64K",4515,4.05,"Temp"
2018-04-19 02:55:01,132915,"R64K",4508,4.05,"Temp"
2018-04-19 08:34:34,132915,"R64K",4541,4.53,"Temp"
2018-04-19 08:35:41,132915,"R64K",4541,4.53,"Temp"
2018-04-19 08:37:16,132915,"R64K",4541,4.53,"Temp"
2018-04-19 08:38:08,132915,"R64K",4541,4.54,"Temp"
2018-04-19 08:38:40,132915,"R64K",4541,4.54,"Temp"
2018-04-19 08:39:24,132915,"R64K",4541,4.54,"Temp"
2018-04-19 08:40:03,132915,"R64K",4541,4.55,"Temp"
2018-04-19 08:40:45,132915,"R64K",4541,4.55,"Temp"
2018-04-19 08:41:28,132915,"R64K",4541,4.55,"Temp"
2018-04-19 08:42:16,132915,"R64K",4541,4.56,"Temp"
2018-04-19 08:44:58,132915,"R64K",4541,4.56,"Temp"
2018-04-19 08:49:20,132915,"R64K",4541,4.57,"Temp"
2018-04-19 08:49:48,132915,"R64K",4541,4.57,"Temp"
2018-04-19 08:50:42,132915,"R64K",4541,4.57,"Temp"
2018-04-19 09:02:08,132915,"R64K",4541,4.58,"Temp"
2018-04-19 09:04:07,132915,"R64K",4541,4.58,"Temp"
2018-04-19 17:49:38,132915,"R64K",4465,4.69,"Temp"
2018-04-19 17:50:01,132915,"R64K",4465,4.69,"Temp"
2018-04-19 17:50:59,132915,"R64K",4465,4.69,"Temp"
2018-04-19 17:51:57,132915,"R64K",4465,4.69,"Temp"
2018-04-19 17:52:55,132915,"R64K",4465,4.69,"Temp"
2018-04-19 17:53:25,132915,"R64K",4465,4.7,"Temp"
2018-04-19 17:54:06,132915,"R64K",4465,4.7,"Temp"
2018-04-19 17:54:53,132915,"R64K",4465,4.7,"Temp"
2018-04-19 17:55:55,132915,"R64K",4465,4.7,"Temp"
2018-04-19 17:57:24,132915,"R64K",4465,4.71,"Temp"
2018-04-19 18:01:38,132915,"R64K",4465,4.71,"Temp"
2018-04-19 18:02:10,132915,"R64K",4465,4.71,"Temp"
2018-04-19 18:02:53,132915,"R64K",4465,4.71,"Temp"
2018-04-19 18:03:53,132915,"R64K",4465,4.71,"Temp"
2018-04-19 18:04:42,132915,"R64K",4465,4.72,"Temp"
2018-04-19 18:07:20,132915,"R64K",4465,4.72,"Temp"
2018-04-19 18:08:09,132915,"R64K",4465,4.72,"Temp"
2018-04-19 18:08:50,132915,"R64K",4465,4.72,"Temp"
2018-04-19 18:09:42,132915,"R64K",4465,4.72,"Temp"
2018-04-19 18:16:34,132915,"R64K",4465,4.74,"Temp"
2018-04-19 18:17:54,132915,"R64K",4465,4.74,"Temp"
2018-04-19 18:19:37,132915,"R64K",4465,4.75,"Temp"
2018-04-19 18:20:14,132915,"R64K",4465,4.75,"Temp"
2018-04-19 18:22:02,132915,"R64K",4465,4.76,"Temp"
2018-04-19 18:23:32,132915,"R64K",4465,4.76,"Temp"
2018-04-19 18:23:56,132915,"R64K",4465,4.76,"Temp"
2018-04-19 18:24:28,132915,"R64K",4465,4.77,"Temp"
2018-04-19 18:25:42,132915,"R64K",4465,4.77,"Temp"
2018-04-19 18:26:37,132915,"R64K",4465,4.78,"Temp"
2018-04-19 18:27:50,132915,"R64K",4465,4.78,"Temp"
2018-04-19 18:32:29,132915,"R64K",4465,4.79,"Temp"
2018-04-19 18:33:22,132915,"R64K",4465,4.8,"Temp"
2018-04-19 18:34:40,132915,"R64K",4465,4.8,"Temp"
2018-04-19 18:35:33,132915,"R64K",4465,4.81,"Temp"
2018-04-19 18:37:08,132915,"R64K",4465,4.81,"Temp"
2018-04-19 18:38:04,132915,"R64K",4465,4.82,"Temp"
2018-04-19 18:38:39,132915,"R64K",4465,4.83,"Temp"
2018-04-19 18:39:31,132915,"R64K",4465,4.83,"Temp"
2018-04-19 18:40:13,132915,"R64K",4465,4.84,"Temp"
2018-04-19 18:41:02,132915,"R64K",4465,4.84,"Temp"
2018-04-19 18:41:46,132915,"R64K",4465,4.85,"Temp"
2018-04-19 18:43:49,132915,"R64K",4465,4.85,"Temp"
2018-04-19 18:44:42,132915,"R64K",4465,4.86,"Temp"
2018-04-19 18:46:08,132915,"R64K",4465,4.86,"Temp"
2018-04-19 18:46:51,132915,"R64K",4465,4.86,"Temp"
2018-04-19 18:48:30,132915,"R64K",4465,4.87,"Temp"
2018-04-19 18:49:08,132915,"R64K",4465,4.87,"Temp"
2018-04-19 18:50:08,132915,"R64K",4465,4.87,"Temp"
2018-04-19 18:50:28,132915,"R64K",4465,4.87,"Temp"
2018-04-19 18:51:10,132915,"R64K",4465,4.87,"Temp"
2018-04-19 18:52:58,132915,"R64K",4465,4.88,"Temp"
2018-04-19 18:58:40,132915,"R64K",4465,4.9,"Temp"
2018-04-19 18:59:07,132915,"R64K",4465,4.9,"Temp"
2018-04-19 19:02:19,132915,"R64K",4465,4.91,"Temp"
2018-04-19 19:03:58,132915,"R64K",4465,4.91,"Temp"
2018-04-19 19:04:47,132915,"R64K",4465,4.91,"Temp"
2018-04-19 19:05:37,132915,"R64K",4465,4.91,"Temp"
2018-04-19 19:06:37,132915,"R64K",4465,4.92,"Temp"
2018-04-19 19:07:00,132915,"R64K",4465,4.92,"Temp"
2018-04-19 19:07:20,132915,"R64K",4465,4.92,"Temp"
2018-04-19 19:07:55,132915,"R64K",4465,4.92,"Temp"
2018-04-19 19:25:42,132915,"R64K",4510,4.99,"Temp"
2018-04-19 19:29:41,132915,"R64K",4510,5,"Temp"
2018-04-19 19:30:10,132915,"R64K",4510,5,"Temp"
2018-04-19 19:30:34,132915,"R64K",4510,5.01,"Temp"
2018-04-19 19:31:18,132915,"R64K",4510,5.01,"Temp"
2018-04-19 19:31:40,132915,"R64K",4510,5.01,"Temp"
2018-04-19 19:32:22,132915,"R64K",4510,5.02,"Temp"
2018-04-19 19:33:11,132915,"R64K",4510,5.02,"Temp"
2018-04-19 19:34:11,132915,"R64K",4510,5.03,"Temp"
2018-04-19 19:34:37,132915,"R64K",4510,5.03,"Temp"
2018-04-19 19:35:01,132915,"R64K",4510,5.03,"Temp"
2018-04-19 19:35:58,132915,"R64K",4510,5.04,"Temp"
2018-04-19 19:36:51,132915,"R64K",4510,5.04,"Temp"
2018-04-19 19:37:30,132915,"R64K",4510,5.05,"Temp"
2018-04-19 19:38:13,132915,"R64K",4510,5.05,"Temp"
2018-04-19 19:39:28,132915,"R64K",4510,5.05,"Temp"
2018-04-19 19:41:11,132915,"R64K",4510,5.06,"Temp"
2018-04-19 20:21:41,132915,"R64K",4505,5.19,"Temp"
2018-04-19 20:24:06,132915,"R64K",4505,5.19,"Temp"
2018-04-19 20:25:57,132915,"R64K",4505,5.19,"Temp"
2018-04-19 20:26:47,132915,"R64K",4505,5.19,"Temp"
2018-04-19 20:27:10,132915,"R64K",4505,5.2,"Temp"
2018-04-19 20:28:32,132915,"R64K",4505,5.2,"Temp"
2018-04-19 20:29:15,132915,"R64K",4505,5.2,"Temp"
2018-04-19 20:29:41,132915,"R64K",4505,5.2,"Temp"
2018-04-19 20:30:41,132915,"R64K",4505,5.2,"Temp"
2018-04-19 20:31:15,132915,"R64K",4505,5.21,"Temp"
2018-04-19 20:31:48,132915,"R64K",4505,5.21,"Temp"
2018-04-19 20:32:34,132915,"R64K",4505,5.21,"Temp"
2018-04-19 20:33:32,132915,"R64K",4505,5.21,"Temp"
2018-04-19 20:34:10,132915,"R64K",4505,5.21,"Temp"
2018-04-19 20:35:10,132915,"R64K",4505,5.22,"Temp"
2018-04-19 20:36:08,132915,"R64K",4505,5.22,"Temp"
2018-04-19 20:36:46,132915,"R64K",4505,5.22,"Temp"
2018-04-19 20:37:36,132915,"R64K",4505,5.22,"Temp"
2018-04-19 20:39:29,132915,"R64K",4505,5.22,"Temp"
2018-04-19 20:41:55,132915,"R64K",4505,5.23,"Temp"
2018-04-19 20:44:03,132915,"R64K",4505,5.23,"Temp"
2018-04-19 20:51:36,132915,"R64K",4505,5.23,"Temp"
2018-04-19 22:36:42,132915,"R64K",4451,5.31,"Temp"
2018-04-19 22:37:05,132915,"R64K",4451,5.31,"Temp"
2018-04-19 22:38:30,132915,"R64K",4451,5.31,"Temp"
2018-04-19 22:39:19,132915,"R64K",4451,5.31,"Temp"
2018-04-19 22:39:58,132915,"R64K",4451,5.31,"Temp"
2018-04-19 22:40:49,132915,"R64K",4451,5.32,"Temp"
2018-04-19 22:41:47,132915,"R64K",4451,5.32,"Temp"
2018-04-19 22:42:23,132915,"R64K",4451,5.32,"Temp"
2018-04-19 22:42:43,132915,"R64K",4451,5.32,"Temp"
2018-04-19 22:43:05,132915,"R64K",4451,5.32,"Temp"
2018-04-19 22:46:24,132915,"R64K",4451,5.33,"Temp"
2018-04-19 22:51:29,132915,"R64K",4451,5.34,"Temp"
2018-04-20 01:07:59,132915,"R64K",4474,5.42,"Temp"
2018-04-20 01:08:44,132915,"R64K",4474,5.42,"Temp"
2018-04-20 01:09:39,132915,"R64K",4474,5.43,"Temp"
2018-04-20 01:11:13,132915,"R64K",4474,5.43,"Temp"
2018-04-20 01:11:34,132915,"R64K",4474,5.43,"Temp"
2018-04-20 01:12:11,132915,"R64K",4474,5.43,"Temp"
2018-04-20 01:12:38,132915,"R64K",4474,5.43,"Temp"
2018-04-20 01:13:13,132915,"R64K",4474,5.44,"Temp"
2018-04-20 01:13:40,132915,"R64K",4474,5.44,"Temp"
2018-04-20 01:14:36,132915,"R64K",4474,5.44,"Temp"
2018-04-20 01:15:53,132915,"R64K",4474,5.44,"Temp"
2018-04-20 01:17:36,132915,"R64K",4474,5.44,"Temp"
2018-04-20 01:18:08,132915,"R64K",4474,5.45,"Temp"
2018-04-20 01:18:41,132915,"R64K",4474,5.45,"Temp"
2018-04-20 09:43:56,132915,"R64K",4547,5.79,"Temp"
2018-04-20 09:45:35,132915,"R64K",4547,5.79,"Temp"
2018-04-20 09:46:26,132915,"R64K",4547,5.79,"Temp"
2018-04-20 09:46:58,132915,"R64K",4547,5.8,"Temp"
2018-04-20 09:47:38,132915,"R64K",4547,5.8,"Temp"
2018-04-20 09:48:02,132915,"R64K",4547,5.8,"Temp"
2018-04-20 09:48:30,132915,"R64K",4547,5.8,"Temp"
2018-04-20 09:49:17,132915,"R64K",4547,5.8,"Temp"
2018-04-20 09:50:36,132915,"R64K",4547,5.81,"Temp"
2018-04-20 09:51:23,132915,"R64K",4547,5.81,"Temp"
2018-04-20 14:23:38,132915,"R64K",4532,5.86,"Temp"
2018-04-20 14:24:38,132915,"R64K",4532,5.86,"Temp"
2018-04-20 14:25:16,132915,"R64K",4532,5.86,"Temp"
2018-04-20 14:26:10,132915,"R64K",4532,5.87,"Temp"
2018-04-20 14:27:05,132915,"R64K",4532,5.87,"Temp"
2018-04-20 14:27:57,132915,"R64K",4532,5.87,"Temp"
2018-04-20 14:38:41,132915,"R64K",4532,5.87,"Temp"
2018-04-20 14:39:23,132915,"R64K",4532,5.88,"Temp"
2018-04-20 14:40:23,132915,"R64K",4532,5.88,"Temp"
2018-04-20 14:41:06,132915,"R64K",4532,5.88,"Temp"
2018-04-20 14:41:39,132915,"R64K",4532,5.88,"Temp"
2018-04-20 14:42:17,132915,"R64K",4532,5.88,"Temp"
2018-04-20 14:44:39,132915,"R64K",4532,5.89,"Temp"
2018-04-20 14:46:45,132915,"R64K",4532,5.89,"Temp"
2018-04-20 14:50:13,132915,"R64K",4532,5.89,"Temp"
2018-04-20 14:50:53,132915,"R64K",4532,5.89,"Temp"
2018-04-20 14:53:41,132915,"R64K",4532,5.89,"Temp"
2018-04-20 14:54:34,132915,"R64K",4532,5.9,"Temp"
2018-04-20 14:54:59,132915,"R64K",4532,5.9,"Temp"
2018-04-20 14:57:08,132915,"R64K",4532,5.91,"Temp"
2018-04-20 16:22:41,132915,"R64K",4532,5.96,"Temp"
2018-04-20 19:22:04,132915,"R64K",4494,6.39,"Temp"
2018-04-20 19:23:02,132915,"R64K",4494,6.4,"Temp"
2018-04-20 19:24:02,132915,"R64K",4494,6.41,"Temp"
2018-04-20 19:25:23,132915,"R64K",4494,6.41,"Temp"
2018-04-20 19:26:11,132915,"R64K",4494,6.42,"Temp"
2018-04-20 19:26:52,132915,"R64K",4494,6.43,"Temp"
2018-04-20 19:27:15,132915,"R64K",4494,6.43,"Temp"
2018-04-20 19:27:56,132915,"R64K",4494,6.44,"Temp"
2018-04-20 19:30:14,132915,"R64K",4494,6.46,"Temp"
2018-04-20 19:47:40,132915,"R64K",4457,6.49,"Temp"
2018-04-20 19:50:22,132915,"R64K",4457,6.5,"Temp"
2018-04-20 19:51:37,132915,"R64K",4457,6.5,"Temp"
2018-04-20 19:52:36,132915,"R64K",4457,6.5,"Temp"
2018-04-20 19:53:00,132915,"R64K",4457,6.5,"Temp"
2018-04-20 19:53:44,132915,"R64K",4457,6.51,"Temp"
2018-04-20 19:54:53,132915,"R64K",4457,6.51,"Temp"
2018-04-20 19:57:04,132915,"R64K",4457,6.51,"Temp"
2018-04-20 19:57:33,132915,"R64K",4457,6.51,"Temp"
2018-04-20 19:58:09,132915,"R64K",4457,6.51,"Temp"
2018-04-20 19:59:01,132915,"R64K",4457,6.52,"Temp"
2018-04-20 20:00:28,132915,"R64K",4457,6.52,"Temp"
2018-04-20 23:17:13,132915,"R64K",4509,6.85,"Temp"
2018-04-20 23:17:47,132915,"R64K",4509,6.85,"Temp"
2018-04-20 23:18:40,132915,"R64K",4509,6.85,"Temp"
2018-04-20 23:19:29,132915,"R64K",4509,6.86,"Temp"
2018-04-20 23:20:04,132915,"R64K",4509,6.86,"Temp"
2018-04-20 23:20:48,132915,"R64K",4509,6.86,"Temp"
2018-04-20 23:21:38,132915,"R64K",4509,6.86,"Temp"
2018-04-20 23:22:13,132915,"R64K",4509,6.86,"Temp"
2018-04-20 23:23:13,132915,"R64K",4509,6.87,"Temp"
2018-04-20 23:23:48,132915,"R64K",4509,6.87,"Temp"
2018-04-20 23:24:40,132915,"R64K",4509,6.87,"Temp"
2018-04-20 23:25:04,132915,"R64K",4509,6.87,"Temp"
2018-04-20 23:26:54,132915,"R64K",4509,6.87,"Temp"
2018-04-20 23:28:34,132915,"R64K",4509,6.88,"Temp"
2018-04-21 01:45:06,132915,"R64K",4454,7.13,"Temp"
2018-04-21 01:45:52,132915,"R64K",4454,7.13,"Temp"
2018-04-21 01:47:25,132915,"R64K",4454,7.13,"Temp"
2018-04-21 01:48:12,132915,"R64K",4454,7.13,"Temp"
2018-04-21 01:48:54,132915,"R64K",4454,7.13,"Temp"
2018-04-21 01:49:37,132915,"R64K",4454,7.14,"Temp"
2018-04-21 01:50:28,132915,"R64K",4454,7.14,"Temp"
2018-04-21 01:50:59,132915,"R64K",4454,7.14,"Temp"
2018-04-21 01:51:37,132915,"R64K",4454,7.14,"Temp"
2018-04-21 01:52:12,132915,"R64K",4454,7.15,"Temp"
2018-04-21 01:52:38,132915,"R64K",4454,7.15,"Temp"
2018-04-21 01:53:41,132915,"R64K",4454,7.15,"Temp"
2018-04-21 01:54:17,132915,"R64K",4454,7.15,"Temp"
2018-04-21 01:55:12,132915,"R64K",4454,7.16,"Temp"
2018-04-21 02:03:31,132915,"R64K",4454,7.19,"Temp"
2018-04-21 02:16:16,132915,"R64K",4516,7.21,"Temp"
2018-04-21 02:19:11,132915,"R64K",4516,7.21,"Temp"
2018-04-21 02:20:04,132915,"R64K",4516,7.22,"Temp"
2018-04-21 02:20:41,132915,"R64K",4516,7.22,"Temp"
2018-04-21 02:21:25,132915,"R64K",4516,7.22,"Temp"
2018-04-21 02:22:00,132915,"R64K",4516,7.22,"Temp"
2018-04-21 02:22:44,132915,"R64K",4516,7.22,"Temp"
2018-04-21 02:23:19,132915,"R64K",4516,7.23,"Temp"
2018-04-21 02:23:56,132915,"R64K",4516,7.23,"Temp"
2018-04-21 02:24:49,132915,"R64K",4516,7.23,"Temp"
2018-04-21 02:25:27,132915,"R64K",4516,7.23,"Temp"
2018-04-21 02:25:49,132915,"R64K",4516,7.23,"Temp"
2018-04-21 02:26:30,132915,"R64K",4516,7.24,"Temp"
2018-04-21 02:27:25,132915,"R64K",4516,7.24,"Temp"
2018-04-21 02:28:46,132915,"R64K",4516,7.24,"Temp"
2018-04-21 02:30:06,132915,"R64K",4516,7.24,"Temp"
2018-04-21 02:30:33,132915,"R64K",4516,7.24,"Temp"
2018-04-21 02:31:06,132915,"R64K",4516,7.25,"Temp"
2018-04-21 02:32:05,132915,"R64K",4516,7.25,"Temp"
2018-04-21 02:38:27,132915,"R64K",4516,7.25,"Temp"
2018-04-21 02:40:02,132915,"R64K",4516,7.25,"Temp"
2018-04-21 02:40:24,132915,"R64K",4516,7.25,"Temp"
2018-04-21 02:41:13,132915,"R64K",4516,7.26,"Temp"
2018-04-21 02:41:43,132915,"R64K",4516,7.26,"Temp"
2018-04-21 02:42:15,132915,"R64K",4516,7.26,"Temp"
2018-04-21 02:42:38,132915,"R64K",4516,7.26,"Temp"
2018-04-21 02:43:06,132915,"R64K",4516,7.26,"Temp"
2018-04-21 02:46:32,132915,"R64K",4516,7.27,"Temp"
2018-04-21 02:47:27,132915,"R64K",4516,7.27,"Temp"
2018-04-21 02:47:56,132915,"R64K",4516,7.27,"Temp"
2018-04-21 02:48:23,132915,"R64K",4516,7.27,"Temp"
2018-04-21 05:12:32,132915,"R64K",4459,7.31,"Temp"
2018-04-21 05:14:54,132915,"R64K",4459,7.31,"Temp"
2018-04-21 05:15:44,132915,"R64K",4459,7.31,"Temp"
2018-04-21 05:16:11,132915,"R64K",4459,7.31,"Temp"
2018-04-21 05:16:45,132915,"R64K",4459,7.32,"Temp"
2018-04-21 05:17:16,132915,"R64K",4459,7.32,"Temp"
2018-04-21 05:17:56,132915,"R64K",4459,7.32,"Temp"
2018-04-21 05:18:42,132915,"R64K",4459,7.32,"Temp"
2018-04-21 05:20:39,132915,"R64K",4459,7.32,"Temp"
2018-04-21 05:21:34,132915,"R64K",4459,7.33,"Temp"
2018-04-21 05:23:13,132915,"R64K",4459,7.33,"Temp"
2018-04-21 05:23:54,132915,"R64K",4459,7.33,"Temp"
2018-04-21 05:24:53,132915,"R64K",4459,7.33,"Temp"
2018-04-21 05:25:35,132915,"R64K",4459,7.34,"Temp"
2018-04-21 05:26:18,132915,"R64K",4459,7.34,"Temp"
2018-04-21 05:27:14,132915,"R64K",4459,7.35,"Temp"
2018-04-21 05:27:53,132915,"R64K",4459,7.35,"Temp"
2018-04-21 05:28:16,132915,"R64K",4459,7.35,"Temp"
2018-04-21 05:29:05,132915,"R64K",4459,7.36,"Temp"
2018-04-21 05:29:52,132915,"R64K",4459,7.36,"Temp"
2018-04-21 05:30:36,132915,"R64K",4459,7.36,"Temp"
2018-04-21 05:31:09,132915,"R64K",4459,7.37,"Temp"
2018-04-21 05:32:08,132915,"R64K",4459,7.37,"Temp"
2018-04-21 05:32:39,132915,"R64K",4459,7.37,"Temp"
2018-04-21 05:32:59,132915,"R64K",4459,7.38,"Temp"
2018-04-21 05:33:31,132915,"R64K",4459,7.38,"Temp"
2018-04-21 05:33:52,132915,"R64K",4459,7.38,"Temp"
2018-04-21 05:34:45,132915,"R64K",4459,7.39,"Temp"
2018-04-21 05:35:31,132915,"R64K",4459,7.39,"Temp"
2018-04-21 05:36:27,132915,"R64K",4459,7.39,"Temp"
2018-04-21 05:37:45,132915,"R64K",4459,7.4,"Temp"
2018-04-21 05:38:21,132915,"R64K",4459,7.4,"Temp"
2018-04-21 05:40:58,132915,"R64K",4459,7.41,"Temp"
2018-04-21 05:41:51,132915,"R64K",4459,7.41,"Temp"
2018-04-21 05:42:51,132915,"R64K",4459,7.42,"Temp"
2018-04-21 05:46:17,132915,"R64K",4459,7.43,"Temp"
2018-04-21 05:47:13,132915,"R64K",4459,7.43,"Temp"
2018-04-21 05:47:43,132915,"R64K",4459,7.43,"Temp"
2018-04-21 05:48:28,132915,"R64K",4459,7.44,"Temp"
2018-04-21 05:48:55,132915,"R64K",4459,7.44,"Temp"
2018-04-21 05:50:44,132915,"R64K",4459,7.44,"Temp"
2018-04-21 05:52:00,132915,"R64K",4459,7.45,"Temp"
2018-04-21 05:52:36,132915,"R64K",4459,7.45,"Temp"
2018-04-21 05:53:08,132915,"R64K",4459,7.46,"Temp"
2018-04-21 05:54:43,132915,"R64K",4459,7.47,"Temp"
2018-04-21 05:55:04,132915,"R64K",4459,7.47,"Temp"
2018-04-21 05:55:37,132915,"R64K",4459,7.47,"Temp"
2018-04-21 05:56:23,132915,"R64K",4459,7.48,"Temp"
2018-04-21 05:57:07,132915,"R64K",4459,7.48,"Temp"
2018-04-21 05:57:28,132915,"R64K",4459,7.49,"Temp"
2018-04-21 05:59:04,132915,"R64K",4459,7.49,"Temp"
2018-04-21 06:00:01,132915,"R64K",4459,7.49,"Temp"
2018-04-21 06:00:31,132915,"R64K",4459,7.5,"Temp"
2018-04-21 06:01:40,132915,"R64K",4459,7.5,"Temp"
2018-04-21 06:02:23,132915,"R64K",4459,7.51,"Temp"
2018-04-21 06:03:06,132915,"R64K",4459,7.51,"Temp"
2018-04-21 06:03:48,132915,"R64K",4459,7.52,"Temp"
2018-04-21 06:04:42,132915,"R64K",4459,7.52,"Temp"
2018-04-21 06:05:23,132915,"R64K",4459,7.52,"Temp"
2018-04-21 06:06:57,132915,"R64K",4459,7.53,"Temp"
2018-04-21 06:07:49,132915,"R64K",4459,7.53,"Temp"
2018-04-21 06:08:36,132915,"R64K",4459,7.54,"Temp"
2018-04-21 06:09:11,132915,"R64K",4459,7.54,"Temp"
2018-04-21 06:10:01,132915,"R64K",4459,7.55,"Temp"
2018-04-21 06:10:34,132915,"R64K",4459,7.55,"Temp"
2018-04-21 06:11:10,132915,"R64K",4459,7.55,"Temp"
2018-04-21 06:12:00,132915,"R64K",4459,7.55,"Temp"
2018-04-21 06:12:46,132915,"R64K",4459,7.56,"Temp"
2018-04-21 06:13:08,132915,"R64K",4459,7.56,"Temp"
2018-04-21 06:13:35,132915,"R64K",4459,7.56,"Temp"
2018-04-21 06:14:01,132915,"R64K",4459,7.56,"Temp"
2018-04-21 06:14:45,132915,"R64K",4459,7.57,"Temp"
2018-04-21 06:16:15,132915,"R64K",4459,7.58,"Temp"
2018-04-21 06:16:46,132915,"R64K",4459,7.58,"Temp"
2018-04-21 06:17:12,132915,"R64K",4459,7.59,"Temp"
2018-04-21 06:17:57,132915,"R64K",4459,7.59,"Temp"
2018-04-21 06:18:32,132915,"R64K",4459,7.59,"Temp"
2018-04-21 06:19:11,132915,"R64K",4459,7.6,"Temp"
2018-04-21 06:20:08,132915,"R64K",4459,7.6,"Temp"
2018-04-21 06:20:32,132915,"R64K",4459,7.6,"Temp"
2018-04-21 06:21:30,132915,"R64K",4459,7.61,"Temp"
2018-04-21 06:22:10,132915,"R64K",4459,7.61,"Temp"
2018-04-21 06:23:06,132915,"R64K",4459,7.62,"Temp"
2018-04-21 06:23:26,132915,"R64K",4459,7.62,"Temp"
2018-04-21 06:23:59,132915,"R64K",4459,7.62,"Temp"
2018-04-21 06:24:55,132915,"R64K",4459,7.63,"Temp"
2018-04-21 06:25:24,132915,"R64K",4459,7.63,"Temp"
2018-04-21 06:26:20,132915,"R64K",4459,7.64,"Temp"
2018-04-21 06:28:11,132915,"R64K",4459,7.64,"Temp"
2018-04-21 06:28:44,132915,"R64K",4459,7.65,"Temp"
2018-04-21 06:29:19,132915,"R64K",4459,7.65,"Temp"
2018-04-21 06:30:06,132915,"R64K",4459,7.65,"Temp"
2018-04-21 06:30:45,132915,"R64K",4459,7.66,"Temp"
2018-04-21 06:31:08,132915,"R64K",4459,7.66,"Temp"
2018-04-21 06:31:47,132915,"R64K",4459,7.66,"Temp"
2018-04-21 06:32:08,132915,"R64K",4459,7.66,"Temp"
2018-04-21 06:32:48,132915,"R64K",4459,7.67,"Temp"
2018-04-21 06:33:08,132915,"R64K",4459,7.67,"Temp"
2018-04-21 06:33:36,132915,"R64K",4459,7.67,"Temp"
2018-04-21 06:34:35,132915,"R64K",4459,7.68,"Temp"
2018-04-21 06:35:03,132915,"R64K",4459,7.68,"Temp"
2018-04-21 06:36:01,132915,"R64K",4459,7.69,"Temp"
2018-04-21 06:36:36,132915,"R64K",4459,7.69,"Temp"
2018-04-21 06:36:58,132915,"R64K",4459,7.69,"Temp"
2018-04-21 06:37:49,132915,"R64K",4459,7.69,"Temp"
2018-04-21 06:38:34,132915,"R64K",4459,7.7,"Temp"
2018-04-21 06:39:00,132915,"R64K",4459,7.7,"Temp"
2018-04-21 06:39:45,132915,"R64K",4459,7.7,"Temp"
2018-04-21 06:41:15,132915,"R64K",4459,7.71,"Temp"
2018-04-21 06:42:01,132915,"R64K",4459,7.71,"Temp"
2018-04-21 06:42:58,132915,"R64K",4459,7.71,"Temp"
2018-04-21 06:43:21,132915,"R64K",4459,7.71,"Temp"
2018-04-21 06:44:55,132915,"R64K",4459,7.72,"Temp"
2018-04-21 06:45:54,132915,"R64K",4459,7.72,"Temp"
2018-04-21 06:46:50,132915,"R64K",4459,7.72,"Temp"
2018-04-21 06:47:25,132915,"R64K",4459,7.72,"Temp"
2018-04-21 06:47:54,132915,"R64K",4459,7.73,"Temp"
2018-04-21 06:48:14,132915,"R64K",4459,7.73,"Temp"
2018-04-21 06:49:08,132915,"R64K",4459,7.73,"Temp"
2018-04-21 06:49:32,132915,"R64K",4459,7.73,"Temp"
2018-04-21 06:50:16,132915,"R64K",4459,7.73,"Temp"
2018-04-21 06:50:37,132915,"R64K",4459,7.74,"Temp"
2018-04-21 06:51:17,132915,"R64K",4459,7.74,"Temp"
2018-04-21 06:52:09,132915,"R64K",4459,7.74,"Temp"
2018-04-21 06:53:08,132915,"R64K",4459,7.74,"Temp"
2018-04-21 06:54:00,132915,"R64K",4459,7.74,"Temp"
2018-04-21 06:54:30,132915,"R64K",4459,7.75,"Temp"
2018-04-21 06:55:15,132915,"R64K",4459,7.75,"Temp"
2018-04-21 06:55:36,132915,"R64K",4459,7.75,"Temp"
2018-04-21 06:56:35,132915,"R64K",4459,7.75,"Temp"
2018-04-21 06:57:07,132915,"R64K",4459,7.75,"Temp"
2018-04-21 06:57:52,132915,"R64K",4459,7.76,"Temp"
2018-04-21 06:58:32,132915,"R64K",4459,7.76,"Temp"
2018-04-21 06:58:52,132915,"R64K",4459,7.76,"Temp"
2018-04-21 06:59:24,132915,"R64K",4459,7.76,"Temp"
2018-04-21 07:00:21,132915,"R64K",4459,7.76,"Temp"
2018-04-21 07:01:20,132915,"R64K",4459,7.77,"Temp"
2018-04-21 07:01:51,132915,"R64K",4459,7.77,"Temp"
2018-04-21 07:02:24,132915,"R64K",4459,7.77,"Temp"
2018-04-21 07:03:08,132915,"R64K",4459,7.77,"Temp"
2018-04-21 07:03:42,132915,"R64K",4459,7.77,"Temp"
2018-04-21 07:04:13,132915,"R64K",4459,7.78,"Temp"
2018-04-21 07:04:41,132915,"R64K",4459,7.78,"Temp"
2018-04-21 07:05:01,132915,"R64K",4459,7.78,"Temp"
2018-04-21 07:05:26,132915,"R64K",4459,7.78,"Temp"
2018-04-21 07:07:08,132915,"R64K",4459,7.78,"Temp"
2018-04-21 07:07:53,132915,"R64K",4459,7.79,"Temp"
2018-04-21 07:08:36,132915,"R64K",4459,7.79,"Temp"
2018-04-21 07:09:28,132915,"R64K",4459,7.79,"Temp"
2018-04-21 07:10:06,132915,"R64K",4459,7.8,"Temp"
2018-04-21 07:10:57,132915,"R64K",4459,7.8,"Temp"
2018-04-21 07:11:56,132915,"R64K",4459,7.81,"Temp"
2018-04-21 07:12:21,132915,"R64K",4459,7.81,"Temp"
2018-04-21 07:13:20,132915,"R64K",4459,7.81,"Temp"
2018-04-21 07:14:19,132915,"R64K",4459,7.82,"Temp"
2018-04-21 07:14:41,132915,"R64K",4459,7.82,"Temp"
2018-04-21 07:15:09,132915,"R64K",4459,7.82,"Temp"
2018-04-21 07:15:54,132915,"R64K",4459,7.83,"Temp"
2018-04-21 07:16:51,132915,"R64K",4459,7.83,"Temp"
2018-04-21 07:17:21,132915,"R64K",4459,7.83,"Temp"
2018-04-21 07:18:09,132915,"R64K",4459,7.84,"Temp"
2018-04-21 07:18:44,132915,"R64K",4459,7.84,"Temp"
2018-04-21 07:19:22,132915,"R64K",4459,7.84,"Temp"
2018-04-21 07:19:55,132915,"R64K",4459,7.84,"Temp"
2018-04-21 07:20:47,132915,"R64K",4459,7.84,"Temp"
2018-04-21 07:21:07,132915,"R64K",4459,7.85,"Temp"
2018-04-21 07:21:42,132915,"R64K",4459,7.85,"Temp"
2018-04-21 07:22:14,132915,"R64K",4459,7.85,"Temp"
2018-04-21 07:22:49,132915,"R64K",4459,7.85,"Temp"
2018-04-21 07:23:19,132915,"R64K",4490,7.85,"Temp"
2018-04-21 07:23:24,132915,"R64K",4459,7.86,"Temp"
2018-04-21 07:23:50,132915,"R64K",4490,7.86,"Temp"
2018-04-21 07:24:09,132915,"R64K",4459,7.86,"Temp"
2018-04-21 07:24:32,132915,"R64K",4490,7.86,"Temp"
2018-04-21 07:24:52,132915,"R64K",4490,7.86,"Temp"
2018-04-21 07:25:06,132915,"R64K",4459,7.87,"Temp"
2018-04-21 07:25:42,132915,"R64K",4459,7.87,"Temp"
2018-04-21 07:25:48,132915,"R64K",4490,7.87,"Temp"
2018-04-21 07:26:21,132915,"R64K",4490,7.87,"Temp"
2018-04-21 07:26:26,132915,"R64K",4459,7.87,"Temp"
2018-04-21 07:27:03,132915,"R64K",4490,7.88,"Temp"
2018-04-21 07:27:15,132915,"R64K",4459,7.88,"Temp"
2018-04-21 07:27:51,132915,"R64K",4490,7.88,"Temp"
2018-04-21 07:27:59,132915,"R64K",4459,7.88,"Temp"
2018-04-21 07:28:27,132915,"R64K",4459,7.88,"Temp"
2018-04-21 07:29:16,132915,"R64K",4459,7.89,"Temp"
2018-04-21 07:30:52,132915,"R64K",4459,7.89,"Temp"
2018-04-21 07:36:11,132915,"R64K",4459,7.89,"Temp"
2018-04-21 09:20:44,132915,"R64K",4496,7.98,"Temp"
2018-04-21 09:21:20,132915,"R64K",4496,7.98,"Temp"
2018-04-21 09:22:15,132915,"R64K",4496,7.98,"Temp"
2018-04-21 09:22:44,132915,"R64K",4496,7.98,"Temp"
2018-04-21 09:23:10,132915,"R64K",4496,7.98,"Temp"
2018-04-21 09:24:01,132915,"R64K",4496,7.99,"Temp"
2018-04-21 09:24:57,132915,"R64K",4496,7.99,"Temp"
2018-04-21 09:25:17,132915,"R64K",4496,7.99,"Temp"
2018-04-21 09:25:49,132915,"R64K",4496,8,"Temp"
2018-04-21 09:26:10,132915,"R64K",4496,8,"Temp"
2018-04-21 09:26:34,132915,"R64K",4496,8,"Temp"
2018-04-21 09:27:27,132915,"R64K",4496,8.01,"Temp"
2018-04-21 20:35:59,132915,"R64K",4462,8.72,"Temp"
2018-04-21 20:36:59,132915,"R64K",4462,8.73,"Temp"
2018-04-21 20:37:21,132915,"R64K",4462,8.73,"Temp"
2018-04-21 20:38:16,132915,"R64K",4462,8.74,"Temp"
2018-04-21 20:38:51,132915,"R64K",4462,8.74,"Temp"
2018-04-21 20:39:30,132915,"R64K",4462,8.74,"Temp"
2018-04-21 23:53:39,132915,"R64K",4453,9.16,"Temp"
2018-04-21 23:54:31,132915,"R64K",4453,9.17,"Temp"
2018-04-21 23:54:53,132915,"R64K",4453,9.17,"Temp"
2018-04-21 23:55:28,132915,"R64K",4453,9.18,"Temp"
2018-04-21 23:57:01,132915,"R64K",4453,9.19,"Temp"
2018-04-21 23:57:56,132915,"R64K",4453,9.19,"Temp"
2018-04-21 23:58:40,132915,"R64K",4453,9.2,"Temp"
2018-04-21 23:59:26,132915,"R64K",4453,9.2,"Temp"
2018-04-21 23:59:49,132915,"R64K",4453,9.21,"Temp"
2018-04-22 00:00:26,132915,"R64K",4453,9.21,"Temp"
2018-04-22 00:00:53,132915,"R64K",4453,9.22,"Temp"
2018-04-22 00:01:53,132915,"R64K",4453,9.22,"Temp"
2018-04-22 00:02:20,132915,"R64K",4453,9.23,"Temp"
2018-04-22 00:02:42,132915,"R64K",4453,9.23,"Temp"
2018-04-22 00:03:23,132915,"R64K",4453,9.24,"Temp"
2018-04-22 00:06:24,132915,"R64K",4453,9.24,"Temp"
2018-04-22 00:53:41,132915,"R64K",4498,9.33,"Temp"
2018-04-22 00:54:04,132915,"R64K",4498,9.33,"Temp"
2018-04-22 00:54:25,132915,"R64K",4498,9.33,"Temp"
2018-04-22 00:55:20,132915,"R64K",4498,9.34,"Temp"
2018-04-22 00:56:20,132915,"R64K",4498,9.34,"Temp"
2018-04-22 00:56:52,132915,"R64K",4498,9.34,"Temp"
2018-04-22 00:57:34,132915,"R64K",4498,9.35,"Temp"
2018-04-22 00:58:27,132915,"R64K",4498,9.35,"Temp"
2018-04-22 00:59:06,132915,"R64K",4498,9.35,"Temp"
2018-04-22 01:00:06,132915,"R64K",4498,9.36,"Temp"
2018-04-22 01:01:34,132915,"R64K",4498,9.36,"Temp"
2018-04-22 01:02:04,132915,"R64K",4498,9.36,"Temp"
2018-04-22 01:02:48,132915,"R64K",4498,9.37,"Temp"
2018-04-22 01:03:47,132915,"R64K",4498,9.37,"Temp"
2018-04-22 22:04:38,132915,"R64K",4469,12.23,"Temp"
2018-04-22 22:05:10,132915,"R64K",4469,12.23,"Temp"
2018-04-22 22:05:57,132915,"R64K",4469,12.23,"Temp"
2018-04-22 22:06:48,132915,"R64K",4469,12.24,"Temp"
2018-04-22 22:07:38,132915,"R64K",4469,12.24,"Temp"
2018-04-22 22:08:30,132915,"R64K",4469,12.24,"Temp"
2018-04-22 22:09:10,132915,"R64K",4469,12.24,"Temp"
2018-04-22 22:09:55,132915,"R64K",4469,12.24,"Temp"
2018-04-22 22:10:28,132915,"R64K",4469,12.25,"Temp"
2018-04-22 22:11:08,132915,"R64K",4469,12.25,"Temp"
2018-04-22 22:12:07,132915,"R64K",4469,12.25,"Temp"
2018-04-23 02:19:46,132915,"R64K",4502,12.55,"Temp"
2018-04-23 02:20:52,132915,"R64K",4502,12.55,"Temp"
2018-04-23 02:21:27,132915,"R64K",4502,12.55,"Temp"
2018-04-23 02:23:13,132915,"R64K",4502,12.55,"Temp"
2018-04-23 02:23:37,132915,"R64K",4502,12.55,"Temp"
2018-04-23 02:24:29,132915,"R64K",4502,12.56,"Temp"
2018-04-23 02:24:55,132915,"R64K",4502,12.56,"Temp"
2018-04-23 02:25:34,132915,"R64K",4502,12.56,"Temp"
2018-04-23 02:26:18,132915,"R64K",4502,12.56,"Temp"
2018-04-23 02:27:15,132915,"R64K",4502,12.56,"Temp"
2018-04-23 02:27:44,132915,"R64K",4502,12.57,"Temp"
2018-04-23 02:28:12,132915,"R64K",4502,12.57,"Temp"
2018-04-23 02:28:38,132915,"R64K",4502,12.57,"Temp"
2018-04-23 02:29:04,132915,"R64K",4502,12.57,"Temp"
2018-04-23 02:29:35,132915,"R64K",4502,12.57,"Temp"
2018-04-23 02:30:27,132915,"R64K",4502,12.58,"Temp"
2018-04-23 07:26:02,132915,"R64K",4521,12.87,"Temp"
2018-04-23 07:26:46,132915,"R64K",4521,12.87,"Temp"
2018-04-23 07:27:44,132915,"R64K",4521,12.87,"Temp"
2018-04-23 07:28:29,132915,"R64K",4521,12.87,"Temp"
2018-04-23 07:29:05,132915,"R64K",4521,12.87,"Temp"
2018-04-23 07:29:48,132915,"R64K",4521,12.88,"Temp"
2018-04-23 07:30:35,132915,"R64K",4521,12.88,"Temp"
2018-04-23 07:31:04,132915,"R64K",4521,12.88,"Temp"
2018-04-23 07:31:40,132915,"R64K",4521,12.88,"Temp"
2018-04-23 07:32:05,132915,"R64K",4521,12.88,"Temp"
2018-04-23 07:34:03,132915,"R64K",4521,12.89,"Temp"
2018-04-23 07:35:57,132915,"R64K",4521,12.89,"Temp"
2018-04-23 08:09:28,132915,"R64K",4521,12.92,"Temp"
2018-04-23 08:26:34,132915,"R64K",4521,12.92,"Temp"
2018-04-23 09:39:13,132915,"R64K",4524,12.99,"Temp"
2018-04-23 09:39:48,132915,"R64K",4524,13,"Temp"
2018-04-23 09:40:43,132915,"R64K",4524,13,"Temp"
2018-04-23 09:41:39,132915,"R64K",4524,13,"Temp"
2018-04-24 01:00:31,132915,"R64K",4486,13.3,"Temp"
2018-04-24 01:01:24,132915,"R64K",4486,13.31,"Temp"
2018-04-24 01:02:04,132915,"R64K",4486,13.31,"Temp"
2018-04-24 01:02:41,132915,"R64K",4486,13.31,"Temp"
2018-04-25 03:48:16,132915,"R64K",4466,13.68,"Temp"
2018-04-25 03:49:37,132915,"R64K",4466,13.68,"Temp"
2018-04-25 03:50:08,132915,"R64K",4466,13.69,"Temp"
2018-04-25 03:50:51,132915,"R64K",4466,13.69,"Temp"
2018-04-25 03:51:11,132915,"R64K",4466,13.69,"Temp"
2018-04-25 03:51:35,132915,"R64K",4466,13.69,"Temp"
2018-04-25 03:52:07,132915,"R64K",4466,13.69,"Temp"
2018-04-25 03:53:02,132915,"R64K",4466,13.7,"Temp"
2018-04-25 03:53:39,132915,"R64K",4466,13.7,"Temp"
2018-04-25 03:54:30,132915,"R64K",4466,13.7,"Temp"
2018-04-25 03:54:58,132915,"R64K",4466,13.7,"Temp"
2018-04-25 03:55:38,132915,"R64K",4466,13.7,"Temp"
2018-04-25 03:56:38,132915,"R64K",4466,13.71,"Temp"
2018-04-25 03:58:27,132915,"R64K",4466,13.71,"Temp"
2018-04-25 04:40:11,132915,"R64K",4466,13.71,"Temp"
2018-04-25 04:42:50,132915,"R64K",4466,13.71,"Temp"
2018-04-25 04:43:54,132915,"R64K",4466,13.71,"Temp"
2018-04-25 04:46:42,132915,"R64K",4466,13.72,"Temp"
2018-04-25 04:49:23,132915,"R64K",4466,13.72,"Temp"
2018-04-25 04:51:33,132915,"R64K",4466,13.72,"Temp"
2018-04-25 04:52:14,132915,"R64K",4466,13.72,"Temp"
2018-04-25 04:53:47,132915,"R64K",4466,13.72,"Temp"
2018-04-25 04:55:43,132915,"R64K",4466,13.73,"Temp"
2018-04-25 04:56:09,132915,"R64K",4466,13.73,"Temp"
2018-04-25 04:57:03,132915,"R64K",4466,13.73,"Temp"
2018-04-25 05:02:38,132915,"R64K",4466,13.73,"Temp"
2018-04-25 05:12:28,132915,"R64K",4466,13.73,"Temp"
2018-04-25 05:24:51,132915,"R64K",4466,13.74,"Temp"
2018-04-25 06:55:56,132915,"R64K",4466,13.74,"Temp"
2018-04-25 07:23:02,132915,"R64K",4466,13.74,"Temp"
2018-04-25 07:23:50,132915,"R64K",4466,13.74,"Temp"
2018-04-25 11:06:02,132915,"R64K",4466,13.76,"Temp"
2018-04-25 11:18:56,132915,"R64K",4466,13.76,"Temp"
2018-04-25 11:22:46,132915,"R64K",4466,13.76,"Temp"
2018-04-25 11:39:22,132915,"R64K",4466,13.76,"Temp"
2018-04-25 11:40:19,132915,"R64K",4466,13.77,"Temp"
2018-04-25 12:43:40,132915,"R64K",4466,13.77,"Temp"
2018-04-25 12:44:37,132915,"R64K",4466,13.77,"Temp"
2018-04-25 12:53:23,132915,"R64K",4466,13.77,"Temp"
2018-04-25 12:53:54,132915,"R64K",4466,13.77,"Temp"
2018-04-25 12:54:43,132915,"R64K",4466,13.78,"Temp"
2018-04-25 12:55:16,132915,"R64K",4466,13.78,"Temp"
2018-04-25 12:56:15,132915,"R64K",4466,13.78,"Temp"
2018-04-25 12:59:05,132915,"R64K",4466,13.78,"Temp"
2018-04-25 13:00:13,132915,"R64K",4466,13.78,"Temp"
2018-04-25 13:03:24,132915,"R64K",4466,13.79,"Temp"
2018-04-25 13:05:04,132915,"R64K",4466,13.79,"Temp"
2018-04-25 15:59:07,132915,"R64K",4549,13.86,"Temp"
2018-04-25 15:59:43,132915,"R64K",4549,13.86,"Temp"
2018-04-25 16:00:04,132915,"R64K",4549,13.86,"Temp"
2018-04-25 16:00:55,132915,"R64K",4549,13.86,"Temp"
2018-04-27 02:26:57,132915,"R64K",4481,15.33,"Temp"
2018-04-27 02:28:54,132915,"R64K",4481,15.33,"Temp"
2018-04-27 02:30:13,132915,"R64K",4481,15.33,"Temp"
2018-04-27 02:30:29,132915,"R64K",4503,15.33,"Temp"
2018-04-27 02:31:23,132915,"R64K",4481,15.34,"Temp"
2018-04-27 02:31:31,132915,"R64K",4503,15.34,"Temp"
2018-04-27 02:31:49,132915,"R64K",4481,15.34,"Temp"
2018-04-27 02:32:35,132915,"R64K",4481,15.34,"Temp"
2018-04-27 02:33:01,132915,"R64K",4481,15.34,"Temp"
2018-04-27 02:33:51,132915,"R64K",4481,15.35,"Temp"
2018-04-27 02:35:56,132915,"R64K",4481,15.35,"Temp"
2018-04-27 07:56:45,132915,"R64K",4484,15.47,"Temp"
2018-04-27 07:58:26,132915,"R64K",4484,15.48,"Temp"
2018-04-27 07:59:17,132915,"R64K",4484,15.48,"Temp"
2018-04-27 08:00:09,132915,"R64K",4484,15.48,"Temp"
2018-04-27 08:00:51,132915,"R64K",4484,15.48,"Temp"
2018-04-27 08:01:12,132915,"R64K",4484,15.48,"Temp"
2018-04-27 08:02:00,132915,"R64K",4484,15.49,"Temp"
2018-04-27 09:00:32,132915,"R64K",4481,15.5,"Temp"
2018-04-27 09:01:49,132915,"R64K",4481,15.5,"Temp"
2018-04-27 09:29:36,132915,"R64K",4481,15.5,"Temp"
2018-04-27 09:59:18,132915,"R64K",4481,15.51,"Temp"
2018-04-27 17:35:13,132915,"R64K",4470,15.66,"Temp"
2018-04-27 17:38:34,132915,"R64K",4470,15.66,"Temp"
2018-04-27 17:39:12,132915,"R64K",4470,15.67,"Temp"
2018-04-27 17:39:58,132915,"R64K",4470,15.67,"Temp"
2018-04-27 17:40:23,132915,"R64K",4470,15.67,"Temp"
2018-04-27 17:40:43,132915,"R64K",4470,15.67,"Temp"
2018-04-27 17:41:17,132915,"R64K",4470,15.68,"Temp"
2018-04-27 17:41:49,132915,"R64K",4470,15.68,"Temp"
2018-04-27 17:42:13,132915,"R64K",4470,15.68,"Temp"
2018-04-27 17:42:42,132915,"R64K",4470,15.68,"Temp"
2018-04-27 17:43:12,132915,"R64K",4470,15.69,"Temp"
2018-04-27 17:43:35,132915,"R64K",4470,15.69,"Temp"
2018-04-27 17:44:23,132915,"R64K",4470,15.69,"Temp"
2018-04-27 17:46:07,132915,"R64K",4470,15.7,"Temp"
2018-04-28 14:30:34,132915,"R64K",4543,17.57,"Temp"
2018-04-28 14:32:03,132915,"R64K",4543,17.57,"Temp"
2018-04-28 14:32:34,132915,"R64K",4543,17.57,"Temp"
2018-04-28 14:32:55,132915,"R64K",4543,17.57,"Temp"
2018-04-28 14:33:55,132915,"R64K",4543,17.57,"Temp"
2018-04-28 14:34:33,132915,"R64K",4543,17.58,"Temp"
2018-04-29 12:09:56,132915,"R64K",4536,19.04,"Temp"
2018-04-29 12:10:53,132915,"R64K",4536,19.04,"Temp"
2018-04-29 12:11:46,132915,"R64K",4536,19.04,"Temp"
2018-04-29 12:12:13,132915,"R64K",4536,19.05,"Temp"
2018-04-29 12:12:44,132915,"R64K",4536,19.05,"Temp"
2018-04-29 12:13:42,132915,"R64K",4536,19.05,"Temp"
2018-04-29 12:15:07,132915,"R64K",4536,19.05,"Temp"
2018-04-29 12:16:04,132915,"R64K",4536,19.05,"Temp"
2018-04-30 00:42:34,132915,"R64K",4517,19.52,"Temp"
2018-04-30 00:43:04,132915,"R64K",4517,19.53,"Temp"
2018-04-30 00:44:00,132915,"R64K",4517,19.53,"Temp"
2018-04-30 00:44:57,132915,"R64K",4517,19.53,"Temp"
2018-04-30 00:45:34,132915,"R64K",4517,19.53,"Temp"
2018-04-30 00:46:27,132915,"R64K",4517,19.54,"Temp"
2018-04-30 00:47:06,132915,"R64K",4517,19.54,"Temp"
2018-04-30 00:47:40,132915,"R64K",4517,19.54,"Temp"
2018-04-30 00:48:29,132915,"R64K",4517,19.54,"Temp"
2018-04-30 00:49:55,132915,"R64K",4517,19.54,"Temp"
2018-04-30 01:13:20,132915,"R64K",4480,19.57,"Temp"
2018-04-30 01:14:18,132915,"R64K",4480,19.57,"Temp"
2018-04-30 01:15:03,132915,"R64K",4480,19.57,"Temp"
2018-04-30 01:15:36,132915,"R64K",4480,19.58,"Temp"
2018-04-30 01:16:09,132915,"R64K",4480,19.58,"Temp"
2018-04-30 20:43:31,132915,"R64K",4545,19.7,"Temp"
2018-04-30 20:43:54,132915,"R64K",4545,19.7,"Temp"
2018-04-30 20:44:45,132915,"R64K",4545,19.71,"Temp"
2018-04-30 22:57:04,132915,"R64K",4473,19.77,"Temp"
2018-04-30 22:58:20,132915,"R64K",4473,19.78,"Temp"
2018-04-30 22:58:54,132915,"R64K",4473,19.78,"Temp"
2018-04-30 22:59:23,132915,"R64K",4473,19.78,"Temp"
2018-04-30 23:00:19,132915,"R64K",4473,19.78,"Temp"
2018-04-30 23:02:35,132915,"R64K",4473,19.78,"Temp"
2018-05-01 01:57:07,132915,"R64K",4499,19.95,"Temp"
2018-05-01 01:57:51,132915,"R64K",4499,19.95,"Temp"
2018-05-01 01:58:40,132915,"R64K",4499,19.96,"Temp"
2018-05-01 01:59:18,132915,"R64K",4499,19.96,"Temp"
2018-05-01 07:48:43,132915,"R64K",4511,19.99,"Temp"
2018-05-01 07:49:31,132915,"R64K",4511,19.99,"Temp"
2018-05-01 07:49:58,132915,"R64K",4511,19.99,"Temp"
2018-05-01 08:20:43,132915,"R64K",4472,20.02,"Temp"
2018-05-01 08:21:42,132915,"R64K",4472,20.02,"Temp"
2018-05-01 08:22:12,132915,"R64K",4472,20.02,"Temp"
2018-05-01 08:24:49,132915,"R64K",4472,20.02,"Temp"
2018-05-01 12:24:53,132915,"R64K",4514,20.22,"Temp"
2018-05-01 12:28:06,132915,"R64K",4514,20.23,"Temp"
2018-05-01 12:28:38,132915,"R64K",4514,20.23,"Temp"
2018-05-01 13:13:15,132915,"R64K",4492,20.25,"Temp"
2018-05-01 13:14:02,132915,"R64K",4492,20.26,"Temp"
2018-05-01 17:36:43,132915,"R64K",4513,20.36,"Temp"
2018-05-01 19:27:50,132915,"R64K",4512,20.4,"Temp"
2018-05-01 19:28:31,132915,"R64K",4512,20.4,"Temp"
2018-05-01 19:29:20,132915,"R64K",4512,20.4,"Temp"
2018-05-01 19:29:51,132915,"R64K",4512,20.4,"Temp"
2018-05-01 22:14:52,132915,"R64K",4518,20.47,"Temp"
2018-05-01 22:15:25,132915,"R64K",4518,20.48,"Temp"
2018-05-01 22:15:50,132915,"R64K",4518,20.48,"Temp"
2018-05-01 22:16:41,132915,"R64K",4518,20.49,"Temp"
2018-05-01 22:17:08,132915,"R64K",4518,20.49,"Temp"
2018-05-01 22:57:13,132915,"R64K",4488,20.57,"Temp"
2018-05-01 22:58:05,132915,"R64K",4488,20.57,"Temp"
2018-05-01 22:58:49,132915,"R64K",4488,20.58,"Temp"
2018-05-01 22:59:41,132915,"R64K",4488,20.58,"Temp"
2018-05-07 01:18:17,132915,"R64K",4519,27.18,"Temp"
2018-05-07 01:20:11,132915,"R64K",4519,27.18,"Temp"
2018-05-07 01:21:09,132915,"R64K",4519,27.18,"Temp"
2018-05-07 01:21:50,132915,"R64K",4519,27.18,"Temp"
2018-05-07 01:22:37,132915,"R64K",4519,27.19,"Temp"
2018-05-07 01:23:14,132915,"R64K",4519,27.19,"Temp"
2018-05-07 01:24:03,132915,"R64K",4519,27.19,"Temp"
2018-05-07 01:24:53,132915,"R64K",4519,27.19,"Temp"
2018-05-07 01:25:14,132915,"R64K",4519,27.19,"Temp"
